{"cameraMode":{"drawMode":0,"name":"Shaded","section":"Shading Mode"},"sceneLighting":true,"audioPlay":false,"sceneViewState":{"m_AlwaysRefresh":false,"showFog":true,"showSkybox":true,"showFlares":true,"showImageEffects":true,"showParticleSystems":true,"showVisualEffectGraphs":true,"m_FxEnabled":true},"in2DMode":false,"pivot":{"x":-0.6248735189437866,"y":1.9356780052185059,"z":-6.001189231872559},"rotation":{"x":-0.2691035568714142,"y":-0.044655028730630878,"z":0.01277365442365408,"w":-0.9622310996055603},"size":7.177262783050537,"orthographic":false}