{"cameraMode":{"drawMode":0,"name":"Shaded","section":"Shading Mode"},"sceneLighting":true,"audioPlay":false,"sceneViewState":{"m_AlwaysRefresh":false,"showFog":true,"showSkybox":true,"showFlares":true,"showImageEffects":true,"showParticleSystems":true,"showVisualEffectGraphs":true,"m_FxEnabled":true},"in2DMode":false,"pivot":{"x":0.2076631635427475,"y":5.974050045013428,"z":0.8851723670959473},"rotation":{"x":0.30817022919654848,"y":0.009026648476719857,"z":-0.003106258576735854,"w":0.9515225291252136},"size":10.92894458770752,"orthographic":true}